fullName,phone,residence,email,service,foodQuality,beverageQuality,atmosphere,valueForMoney,cleanliness,staffFriendliness,experience,interests,visitedBefore,visitFrequency,source,otherSource,timestamp,Unnamed: 18,Unnamed: 19,Unnamed: 20,Unnamed: 21,Unnamed: 22,Unnamed: 23,Unnamed: 24,Unnamed: 25
Karan Patel,9800877422,Hyderabad,karan315@gmail.com,5,5,4,5,5,5,4,"Absolutely loved it, will come again","Adopting, Fostering, Volunteering",No,4,Other,nan,"01/02/2026, 7:15:08 PM",,,,,,,,
Pooja Reddy,9461044644,Bangalore,pooja708@gmail.com,1,1,2,2,2,1,1,Terrible experience overall,Adopting,Yes,5,Google,,"01/02/2026, 11:32:41 PM",,,,,,,,
Riya Sharma,9993974942,Kolkata,riya406@gmail.com,1,2,1,2,2,1,1,"Not satisfied, won't visit again",Adopting,No,2,Instagram,,"01/03/2026, 12:29:30 PM",,,,,,,,
Riya Sharma,9523540348,Ahmedabad,riya101@gmail.com,4,2,3,4,2,3,2,Good but can improve,"Fostering, Adopting, Volunteering",No,4,Google,,"01/03/2026, 2:53:49 PM",,,,,,,,
Tanvi Kulkarni,9278376213,Nagpur,tanvi402@gmail.com,4,5,5,5,4,4,5,"Absolutely loved it, will come again","Adopting, Volunteering",Yes,5,Other,Walk-in,"01/04/2026, 1:30:56 PM",,,,,,,,
Riya Sharma,9318754259,Noida,riya939@gmail.com,2,2,3,4,3,3,2,Good but can improve,"Volunteering, Fostering, Donating",No,3,Google,,"01/04/2026, 1:51:57 PM",,,,,,,,
Priya Nair,9358188238,Kochi,priya347@gmail.com,2,1,1,1,1,2,2,"Not satisfied, won't visit again",Donating,No,4,Other,Walk-in,"01/04/2026, 6:00:04 PM",,,,,,,,
Ananya Iyer,9293785680,Ahmedabad,ananya93@gmail.com,4,5,5,5,5,4,4,"Amazing experience, loved everything","Donating, Fostering, Adopting, Volunteering",No,5,Google,,"01/04/2026, 6:31:41 PM",,,,,,,,
Sneha Joshi,9266449985,Chennai,sneha805@gmail.com,4,5,5,5,4,4,4,"Amazing experience, loved everything","Fostering, Donating, Volunteering, Adopting",Yes,5,Google,,"01/04/2026, 7:01:48 PM",,,,,,,,
Ananya Iyer,9377200914,Jaipur,ananya186@gmail.com,2,2,2,4,2,3,3,Good but can improve,"Donating, Volunteering, Fostering, Adopting",Yes,5,Other,Ads,"01/05/2026, 7:45:10 AM",,,,,,,,
Karan Patel,9622649460,Delhi,karan847@gmail.com,2,1,2,2,2,2,2,Terrible experience overall,"Fostering, Volunteering",No,4,Other,Event,"01/05/2026, 1:34:48 PM",,,,,,,,
Aarav Mehta,9062007797,Indore,aarav614@gmail.com,4,5,4,5,4,5,4,"Amazing experience, loved everything","Volunteering, Adopting, Fostering, Donating",Yes,1,Other,Event,"01/06/2026, 7:06:59 PM",,,,,,,,
Aditya Roy,9960573532,Pune,aditya387@gmail.com,3,3,4,4,4,4,2,Food was fine,"Volunteering, Donating",No,2,Other,Event,"01/06/2026, 7:25:10 PM",,,,,,,,
Arjun Kapoor,9742121606,Jaipur,arjun855@gmail.com,1,1,1,2,1,2,1,"Not satisfied, won't visit again",Adopting,Yes,2,Other,Event,"01/07/2026, 7:19:25 AM",,,,,,,,
Tanvi Kulkarni,9124180015,Mumbai,tanvi152@gmail.com,1,2,1,1,2,1,2,Food quality was poor,"Adopting, Donating, Fostering",Yes,3,Google,,"01/07/2026, 7:38:23 AM",,,,,,,,
Neha Verma,9813362395,Pune,neha471@gmail.com,5,4,4,5,4,5,4,Perfect ambience and service,"Fostering, Donating, Adopting",No,2,Other,Walk-in,"01/07/2026, 3:59:37 PM",,,,,,,,
Sneha Joshi,9047261698,Hyderabad,sneha180@gmail.com,2,1,2,1,1,2,2,Cleanliness was unacceptable,Volunteering,No,5,Other,Ads,"01/07/2026, 10:52:52 PM",,,,,,,,
Arjun Kapoor,9024443254,Chennai,arjun877@gmail.com,4,3,2,4,4,3,4,Service was okay,Volunteering,Yes,3,Instagram,,"01/08/2026, 10:11:36 AM",,,,,,,,
Dev Shah,9518356535,Noida,dev428@gmail.com,2,2,1,2,1,2,1,Food quality was poor,"Adopting, Fostering",No,1,Google,,"01/09/2026, 12:39:06 AM",,,,,,,,
Sahil Khan,9619088245,Nagpur,sahil679@gmail.com,4,4,5,4,5,5,5,Top quality in every aspect,"Donating, Fostering",No,2,Other,Ads,"01/10/2026, 2:58:25 AM",,,,,,,,
Karan Patel,9790855552,Surat,karan529@gmail.com,3,3,2,2,4,4,4,Average experience overall,"Volunteering, Donating, Adopting",Yes,5,Instagram,,"01/10/2026, 9:44:09 AM",,,,,,,,
Tanvi Kulkarni,9342357008,Delhi,tanvi628@gmail.com,3,4,4,4,2,2,3,Average experience overall,Volunteering,Yes,5,Other,Ads,"01/10/2026, 11:45:43 AM",,,,,,,,
Ananya Iyer,9636180041,Bangalore,ananya668@gmail.com,5,5,4,4,5,4,4,Fantastic food and great staff,"Volunteering, Fostering, Adopting",Yes,2,Word of Mouth,,"01/11/2026, 2:30:02 AM",,,,,,,,
Vikram Desai,9592609658,Jaipur,vikram304@gmail.com,1,2,1,2,2,2,1,Cleanliness was unacceptable,"Adopting, Volunteering, Donating, Fostering",Yes,1,Other,nan,"01/11/2026, 10:59:04 AM",,,,,,,,
Riya Sharma,9975964919,Indore,riya212@gmail.com,1,1,2,2,2,2,2,Cleanliness was unacceptable,"Volunteering, Fostering",Yes,1,Other,Walk-in,"01/11/2026, 4:44:00 PM",,,,,,,,
Riya Sharma,9350177867,Indore,riya158@gmail.com,4,4,4,4,4,4,4,Top quality in every aspect,"Volunteering, Adopting",Yes,3,Other,nan,"01/11/2026, 5:16:30 PM",,,,,,,,
Tanvi Kulkarni,9279882742,Surat,tanvi782@gmail.com,5,5,5,4,5,5,5,Top quality in every aspect,"Volunteering, Fostering, Adopting, Donating",No,3,Other,Event,"01/12/2026, 5:34:06 PM",,,,,,,,
Sahil Khan,9125363450,Delhi,sahil780@gmail.com,2,1,2,1,2,1,2,Very bad service and rude staff,"Fostering, Adopting, Volunteering",Yes,3,Google,,"01/13/2026, 3:56:26 AM",,,,,,,,
Vikram Desai,9474506847,Kolkata,vikram622@gmail.com,2,2,4,3,4,3,2,Good but can improve,"Donating, Fostering",No,1,Other,Ads,"01/13/2026, 8:38:35 AM",,,,,,,,
Rohit Jain,9859067222,Mumbai,rohit208@gmail.com,2,2,2,3,3,4,2,"Decent place, nothing special","Volunteering, Donating, Fostering, Adopting",Yes,1,Other,nan,"01/13/2026, 12:57:21 PM",,,,,,,,
Rohit Jain,9751760262,Chandigarh,rohit180@gmail.com,3,3,3,3,2,4,4,Service was okay,"Fostering, Adopting",Yes,4,Other,Walk-in,"01/13/2026, 3:31:05 PM",,,,,,,,
Sneha Joshi,9185015312,Ahmedabad,sneha210@gmail.com,2,2,1,1,1,1,1,Very bad service and rude staff,Adopting,No,5,Other,Event,"01/14/2026, 1:50:59 AM",,,,,,,,
Simran Kaur,9458397467,Chandigarh,simran682@gmail.com,2,2,3,2,3,2,4,Food was fine,"Fostering, Adopting, Volunteering, Donating",Yes,3,Instagram,,"01/14/2026, 5:47:35 AM",,,,,,,,
Ishita Gupta,9432621689,Bangalore,ishita721@gmail.com,4,4,5,4,4,5,5,Perfect ambience and service,Fostering,Yes,4,Other,nan,"01/14/2026, 10:43:41 AM",,,,,,,,
Sahil Khan,9403536058,Chandigarh,sahil570@gmail.com,1,2,1,1,1,1,1,Food quality was poor,Donating,No,1,Instagram,,"01/14/2026, 4:25:26 PM",,,,,,,,
Arjun Kapoor,9952459750,Bangalore,arjun526@gmail.com,2,2,2,2,1,2,2,"Not satisfied, won't visit again","Fostering, Donating, Adopting",Yes,4,Instagram,,"01/14/2026, 4:46:00 PM",,,,,,,,
Karan Patel,9185876008,Chandigarh,karan72@gmail.com,2,2,1,1,2,2,1,Terrible experience overall,Adopting,Yes,4,Other,Walk-in,"01/14/2026, 11:31:06 PM",,,,,,,,
Neha Verma,9756272797,Chandigarh,neha499@gmail.com,1,2,2,2,2,2,2,Terrible experience overall,"Volunteering, Donating",No,5,Other,Walk-in,"01/15/2026, 2:39:00 AM",,,,,,,,
Rahul Singh,9730171951,Hyderabad,rahul490@gmail.com,2,2,1,1,2,1,1,Food quality was poor,Adopting,Yes,2,Other,nan,"01/15/2026, 3:05:36 AM",,,,,,,,
Karan Patel,9140851966,Pune,karan309@gmail.com,4,4,2,3,3,2,3,Average experience overall,Adopting,No,4,Other,Ads,"01/15/2026, 9:44:05 AM",,,,,,,,
Sneha Joshi,9432739200,Kolkata,sneha224@gmail.com,5,4,4,5,4,4,5,Fantastic food and great staff,"Volunteering, Fostering",Yes,1,Other,Walk-in,"01/15/2026, 11:00:00 AM",,,,,,,,
Pooja Reddy,9060900985,Delhi,pooja534@gmail.com,2,2,2,1,1,1,2,Terrible experience overall,"Donating, Fostering, Adopting, Volunteering",No,3,Other,nan,"01/16/2026, 2:36:53 AM",,,,,,,,
Simran Kaur,9705912992,Mumbai,simran806@gmail.com,2,2,2,1,1,1,2,Terrible experience overall,"Fostering, Donating",Yes,1,Instagram,,"01/17/2026, 12:29:40 AM",,,,,,,,
Karan Patel,9239212231,Jaipur,karan711@gmail.com,1,2,1,1,2,2,2,Cleanliness was unacceptable,"Adopting, Volunteering",Yes,2,Other,Walk-in,"01/17/2026, 9:21:46 PM",,,,,,,,
Pooja Reddy,9293416909,Noida,pooja428@gmail.com,3,2,4,4,4,2,3,Average experience overall,Volunteering,Yes,1,Google,,"01/18/2026, 10:45:50 AM",,,,,,,,
Neha Verma,9693667026,Hyderabad,neha661@gmail.com,2,2,1,2,1,2,1,Very bad service and rude staff,"Fostering, Volunteering, Adopting",Yes,1,Other,Walk-in,"01/20/2026, 1:21:15 AM",,,,,,,,
Simran Kaur,9137753177,Pune,simran494@gmail.com,5,5,5,4,5,5,5,Fantastic food and great staff,Volunteering,Yes,3,Word of Mouth,,"01/20/2026, 3:20:52 PM",,,,,,,,
Manav Bansal,9245379695,Chennai,manav579@gmail.com,2,1,1,2,2,1,1,"Not satisfied, won't visit again",Fostering,No,1,Instagram,,"01/22/2026, 1:30:34 PM",,,,,,,,
Dev Shah,9512581426,Bangalore,dev550@gmail.com,1,1,1,1,2,1,2,Food quality was poor,Donating,Yes,3,Other,Ads,"01/23/2026, 12:55:30 PM",,,,,,,,
Riya Sharma,9778583719,Jaipur,riya53@gmail.com,1,1,2,1,1,2,1,"Not satisfied, won't visit again","Adopting, Volunteering, Fostering",Yes,5,Other,Event,"01/23/2026, 2:38:20 PM",,,,,,,,
Sneha Joshi,9467972311,Ahmedabad,sneha291@gmail.com,4,3,4,4,2,2,3,Service was okay,Fostering,No,2,Word of Mouth,,"01/24/2026, 2:42:16 AM",,,,,,,,
Rahul Singh,9019713022,Bangalore,rahul292@gmail.com,4,4,4,5,5,4,4,Top quality in every aspect,"Donating, Volunteering, Fostering",No,4,Word of Mouth,,"01/24/2026, 6:33:40 PM",,,,,,,,
Manav Bansal,9444863488,Pune,manav614@gmail.com,5,4,4,4,5,5,4,"Amazing experience, loved everything","Fostering, Volunteering, Adopting",Yes,3,Other,nan,"01/24/2026, 9:44:45 PM",,,,,,,,
Aditya Roy,9047215970,Pune,aditya204@gmail.com,4,4,2,3,3,3,3,"Decent place, nothing special","Fostering, Volunteering, Adopting, Donating",No,5,Google,,"01/24/2026, 10:56:13 PM",,,,,,,,
Riya Sharma,9476097166,Indore,riya630@gmail.com,5,4,5,4,4,4,4,"Absolutely loved it, will come again","Fostering, Donating, Adopting, Volunteering",Yes,4,Other,Walk-in,"01/24/2026, 11:58:02 PM",,,,,,,,
Priya Nair,9239397040,Chandigarh,priya396@gmail.com,5,5,4,5,5,4,5,Top quality in every aspect,Adopting,No,5,Word of Mouth,,"01/25/2026, 3:18:27 AM",,,,,,,,
Meera Pillai,9029397299,Ahmedabad,meera257@gmail.com,1,1,2,2,2,1,2,Food quality was poor,"Donating, Adopting, Volunteering",Yes,1,Google,,"01/25/2026, 11:43:09 AM",,,,,,,,
Pooja Reddy,9624108313,Chandigarh,pooja309@gmail.com,4,3,2,4,2,2,2,Average experience overall,"Volunteering, Fostering, Donating, Adopting",No,5,Instagram,,"01/26/2026, 4:36:30 AM",,,,,,,,
Ishita Gupta,9819579001,Indore,ishita238@gmail.com,1,1,2,2,1,2,1,Food quality was poor,"Volunteering, Fostering, Adopting",No,3,Instagram,,"01/26/2026, 11:23:36 AM",,,,,,,,
Rohit Jain,9145375447,Ahmedabad,rohit839@gmail.com,1,2,1,1,1,2,2,Cleanliness was unacceptable,Adopting,No,2,Other,Event,"01/26/2026, 5:22:55 PM",,,,,,,,
Arjun Kapoor,9497857907,Kochi,arjun58@gmail.com,2,1,1,2,1,2,1,Terrible experience overall,"Adopting, Volunteering",Yes,1,Instagram,,"01/27/2026, 12:16:26 AM",,,,,,,,
Manav Bansal,9363250834,Ahmedabad,manav674@gmail.com,4,4,3,4,2,2,3,Good but can improve,"Volunteering, Fostering",Yes,2,Instagram,,"01/27/2026, 9:29:38 PM",,,,,,,,
Simran Kaur,9171032743,Ahmedabad,simran69@gmail.com,2,2,1,1,2,2,2,Food quality was poor,"Fostering, Adopting, Donating",No,1,Instagram,,"01/28/2026, 12:05:06 AM",,,,,,,,
Simran Kaur,9737610895,Kolkata,simran257@gmail.com,2,1,2,1,2,1,1,Terrible experience overall,"Volunteering, Adopting, Fostering, Donating",No,4,Google,,"01/28/2026, 4:21:52 AM",,,,,,,,
Priya Nair,9237805214,Kolkata,priya933@gmail.com,1,1,1,2,2,2,2,Cleanliness was unacceptable,Fostering,Yes,1,Word of Mouth,,"01/28/2026, 1:22:22 PM",,,,,,,,
Karan Patel,9102245539,Kochi,karan814@gmail.com,4,4,5,4,5,5,4,"Amazing experience, loved everything",Fostering,Yes,5,Instagram,,"01/29/2026, 7:22:19 PM",,,,,,,,
Meera Pillai,9007894556,Surat,meera437@gmail.com,4,4,5,5,4,5,4,Top quality in every aspect,"Fostering, Adopting",Yes,5,Other,Walk-in,"01/30/2026, 12:02:56 AM",,,,,,,,
Ananya Iyer,9645990250,Surat,ananya925@gmail.com,2,3,2,2,3,2,2,Good but can improve,Adopting,No,1,Other,nan,"01/30/2026, 12:10:54 AM",,,,,,,,
Riya Sharma,9281262237,Kolkata,riya535@gmail.com,3,2,3,3,4,4,3,Good but can improve,"Volunteering, Fostering",No,2,Word of Mouth,,"01/30/2026, 2:40:37 AM",,,,,,,,
Rahul Singh,9982793931,Chennai,rahul926@gmail.com,4,5,4,5,4,5,4,Fantastic food and great staff,"Fostering, Volunteering, Adopting, Donating",No,5,Instagram,,"01/30/2026, 6:22:26 AM",,,,,,,,
Aarav Mehta,9960745498,Pune,aarav279@gmail.com,3,3,3,4,4,2,2,Service was okay,"Volunteering, Adopting",No,3,Google,,"01/30/2026, 10:35:34 AM",,,,,,,,
Aarav Mehta,9038329033,Indore,aarav184@gmail.com,1,1,1,2,1,1,2,Cleanliness was unacceptable,Donating,No,2,Other,nan,"01/30/2026, 2:59:23 PM",,,,,,,,
Neha Verma,9053878633,Mumbai,neha299@gmail.com,3,2,4,2,4,4,2,Average experience overall,"Volunteering, Donating, Fostering, Adopting",Yes,2,Instagram,,"01/30/2026, 3:42:09 PM",,,,,,,,
Sneha Joshi,9441537645,Chennai,sneha974@gmail.com,2,1,2,2,2,1,1,Food quality was poor,"Fostering, Donating, Adopting",No,1,Word of Mouth,,"01/31/2026, 3:29:57 AM",,,,,,,,
Simran Kaur,9319019289,Bangalore,simran174@gmail.com,3,3,4,4,4,4,4,"Decent place, nothing special","Donating, Fostering, Adopting",Yes,5,Word of Mouth,,"02/01/2026, 2:31:36 AM",,,,,,,,
Aditya Roy,9627246835,Mumbai,aditya827@gmail.com,4,5,4,4,5,4,4,"Amazing experience, loved everything","Donating, Volunteering, Adopting",No,5,Instagram,,"02/01/2026, 10:56:33 AM",,,,,,,,
Ananya Iyer,9558226891,Surat,ananya81@gmail.com,5,5,5,5,5,5,4,Fantastic food and great staff,"Volunteering, Adopting, Donating",No,2,Google,,"02/01/2026, 11:25:35 AM",,,,,,,,
Arjun Kapoor,9608784029,Kochi,arjun260@gmail.com,4,4,4,4,4,5,4,Top quality in every aspect,Adopting,No,1,Google,,"02/02/2026, 7:27:30 PM",,,,,,,,
Rahul Singh,9012848218,Bangalore,rahul889@gmail.com,5,4,4,5,4,4,4,Top quality in every aspect,"Volunteering, Adopting",Yes,5,Other,nan,"02/03/2026, 1:09:57 AM",,,,,,,,
Tanvi Kulkarni,9346592873,Chennai,tanvi245@gmail.com,5,4,4,4,5,4,4,"Amazing experience, loved everything","Adopting, Donating, Volunteering",No,3,Google,,"02/03/2026, 2:17:41 AM",,,,,,,,
Arjun Kapoor,9120231736,Noida,arjun946@gmail.com,1,1,1,2,1,2,2,Very bad service and rude staff,"Fostering, Volunteering, Donating",No,5,Other,Event,"02/03/2026, 3:44:05 AM",,,,,,,,
Tanvi Kulkarni,9220537447,Jaipur,tanvi604@gmail.com,4,2,3,2,3,2,2,Average experience overall,"Volunteering, Donating, Adopting",Yes,3,Google,,"02/04/2026, 5:20:49 AM",,,,,,,,
Riya Sharma,9163202730,Pune,riya778@gmail.com,4,5,4,4,5,4,5,"Amazing experience, loved everything","Donating, Adopting, Volunteering",No,3,Other,Ads,"02/04/2026, 8:48:58 PM",,,,,,,,
Aditya Roy,9674652202,Ahmedabad,aditya301@gmail.com,4,4,4,4,4,4,5,Perfect ambience and service,"Adopting, Fostering",Yes,3,Other,nan,"02/05/2026, 2:14:25 AM",,,,,,,,
Arjun Kapoor,9827507794,Chandigarh,arjun238@gmail.com,1,2,2,2,1,2,2,Cleanliness was unacceptable,"Fostering, Volunteering, Adopting",No,4,Instagram,,"02/05/2026, 3:52:38 AM",,,,,,,,
Karan Patel,9845890895,Ahmedabad,karan566@gmail.com,4,4,5,4,4,5,4,Top quality in every aspect,"Fostering, Adopting, Donating",No,3,Other,Event,"02/05/2026, 8:49:37 PM",,,,,,,,
Manav Bansal,9408992620,Bangalore,manav843@gmail.com,2,3,4,3,4,3,3,"Decent place, nothing special","Adopting, Volunteering, Donating, Fostering",Yes,3,Other,nan,"02/06/2026, 5:20:00 PM",,,,,,,,
Rahul Singh,9803620203,Chandigarh,rahul618@gmail.com,2,4,3,4,2,2,2,Good but can improve,Donating,Yes,5,Instagram,,"02/06/2026, 7:07:50 PM",,,,,,,,
Aditya Roy,9602043938,Hyderabad,aditya576@gmail.com,5,4,5,5,5,5,5,Top quality in every aspect,Fostering,No,5,Instagram,,"02/07/2026, 10:13:33 AM",,,,,,,,
Sahil Khan,9247321489,Jaipur,sahil364@gmail.com,5,5,4,5,5,5,5,Perfect ambience and service,"Adopting, Donating",Yes,2,Other,Ads,"02/07/2026, 2:40:55 PM",,,,,,,,
Rahul Singh,9941560413,Ahmedabad,rahul851@gmail.com,5,5,5,4,5,4,4,Fantastic food and great staff,"Fostering, Volunteering, Donating",Yes,4,Google,,"02/08/2026, 12:20:55 AM",,,,,,,,
Dev Shah,9994267632,Jaipur,dev618@gmail.com,5,4,4,5,5,5,4,"Absolutely loved it, will come again","Donating, Volunteering, Adopting, Fostering",No,1,Other,nan,"02/08/2026, 12:53:22 AM",,,,,,,,
Ananya Iyer,9200106888,Kochi,ananya980@gmail.com,3,3,3,4,4,3,3,Good but can improve,"Fostering, Donating",No,1,Google,,"02/08/2026, 2:41:12 AM",,,,,,,,
Arjun Kapoor,9821472497,Chandigarh,arjun120@gmail.com,2,2,3,4,4,3,4,Service was okay,Volunteering,No,1,Instagram,,"02/08/2026, 3:12:03 AM",,,,,,,,
Sneha Joshi,9944559094,Indore,sneha179@gmail.com,5,5,4,5,5,4,5,Perfect ambience and service,"Fostering, Volunteering, Adopting",No,2,Other,Walk-in,"02/08/2026, 9:59:32 AM",,,,,,,,
Rohit Jain,9810546484,Jaipur,rohit944@gmail.com,2,2,1,1,2,2,2,"Not satisfied, won't visit again","Donating, Adopting, Fostering",No,1,Other,Event,"02/08/2026, 1:12:43 PM",,,,,,,,
Dev Shah,9096107293,Chandigarh,dev370@gmail.com,2,4,3,3,3,4,4,Food was fine,"Fostering, Donating, Volunteering, Adopting",Yes,1,Other,Walk-in,"02/08/2026, 1:35:20 PM",,,,,,,,
Priya Nair,9731303914,Kolkata,priya795@gmail.com,1,1,2,2,2,2,2,Cleanliness was unacceptable,"Donating, Volunteering",Yes,1,Instagram,,"02/08/2026, 1:56:02 PM",,,,,,,,
Rahul Singh,9543451254,Indore,rahul171@gmail.com,1,2,1,2,1,2,1,"Not satisfied, won't visit again","Donating, Adopting",Yes,3,Word of Mouth,,"02/08/2026, 10:07:31 PM",,,,,,,,
Rohit Jain,9913674897,Ahmedabad,rohit427@gmail.com,2,1,1,2,2,1,1,"Not satisfied, won't visit again","Volunteering, Adopting, Fostering, Donating",No,1,Instagram,,"02/09/2026, 5:19:13 AM",,,,,,,,
Arjun Kapoor,9007797038,Nagpur,arjun641@gmail.com,4,3,3,2,2,2,2,Good but can improve,"Volunteering, Fostering, Donating",No,5,Instagram,,"02/09/2026, 7:59:54 AM",,,,,,,,
Vikram Desai,9665003492,Noida,vikram652@gmail.com,1,1,2,2,2,2,1,Very bad service and rude staff,Donating,No,3,Other,nan,"02/09/2026, 10:53:16 AM",,,,,,,,
Ishita Gupta,9410741939,Pune,ishita679@gmail.com,3,2,3,3,4,3,4,Average experience overall,"Adopting, Donating, Fostering",No,2,Other,Walk-in,"02/10/2026, 8:11:00 AM",,,,,,,,
Meera Pillai,9088546853,Surat,meera315@gmail.com,5,4,4,4,5,5,5,Perfect ambience and service,"Fostering, Volunteering, Donating",Yes,2,Other,Walk-in,"02/10/2026, 9:16:25 AM",,,,,,,,
Dev Shah,9106694163,Noida,dev462@gmail.com,3,3,3,3,4,3,2,"Decent place, nothing special","Fostering, Donating, Volunteering",No,2,Google,,"02/10/2026, 11:45:14 AM",,,,,,,,
Ishita Gupta,9356825557,Chennai,ishita63@gmail.com,2,1,1,1,2,2,2,Cleanliness was unacceptable,"Adopting, Donating, Fostering",No,1,Other,nan,"02/10/2026, 1:17:12 PM",,,,,,,,
Sahil Khan,9560493410,Kolkata,sahil713@gmail.com,2,4,4,3,4,4,4,Average experience overall,"Fostering, Volunteering, Adopting, Donating",Yes,1,Google,,"02/10/2026, 7:22:46 PM",,,,,,,,
Vikram Desai,9414924544,Kochi,vikram173@gmail.com,5,5,4,5,4,4,5,Fantastic food and great staff,"Adopting, Fostering, Volunteering, Donating",No,4,Other,Walk-in,"02/10/2026, 8:10:34 PM",,,,,,,,
Sahil Khan,9838874573,Indore,sahil646@gmail.com,3,3,2,2,4,2,2,"Decent place, nothing special","Donating, Volunteering, Fostering",Yes,5,Other,nan,"02/11/2026, 1:11:30 AM",,,,,,,,
Sahil Khan,9715742538,Ahmedabad,sahil463@gmail.com,1,2,1,2,2,2,2,"Not satisfied, won't visit again","Volunteering, Fostering, Donating",Yes,3,Other,nan,"02/11/2026, 2:34:01 AM",,,,,,,,
Ananya Iyer,9054034590,Pune,ananya910@gmail.com,2,2,1,1,2,1,1,Food quality was poor,Volunteering,No,1,Other,Event,"02/11/2026, 3:43:06 AM",,,,,,,,
Simran Kaur,9049459432,Ahmedabad,simran633@gmail.com,2,2,4,4,3,3,2,Average experience overall,Donating,No,5,Other,Ads,"02/11/2026, 10:28:55 AM",,,,,,,,
Priya Nair,9178040868,Chennai,priya839@gmail.com,2,2,4,4,3,2,3,Food was fine,Volunteering,No,3,Other,Walk-in,"02/11/2026, 7:26:21 PM",,,,,,,,
Priya Nair,9737838154,Surat,priya884@gmail.com,4,4,5,5,4,4,5,Fantastic food and great staff,"Fostering, Donating, Adopting, Volunteering",No,1,Google,,"02/11/2026, 8:53:54 PM",,,,,,,,
Simran Kaur,9309347860,Ahmedabad,simran582@gmail.com,2,4,4,2,3,3,3,Good but can improve,"Volunteering, Fostering",Yes,4,Word of Mouth,,"02/11/2026, 11:29:34 PM",,,,,,,,
Rohit Jain,9211550913,Ahmedabad,rohit262@gmail.com,2,2,2,1,1,1,2,Very bad service and rude staff,"Adopting, Donating, Volunteering",No,4,Other,Ads,"02/14/2026, 12:06:21 AM",,,,,,,,
Arjun Kapoor,9042904428,Mumbai,arjun975@gmail.com,3,4,2,3,2,4,4,Food was fine,"Adopting, Donating, Fostering, Volunteering",No,2,Other,nan,"02/14/2026, 3:54:52 PM",,,,,,,,
Arjun Kapoor,9629568757,Noida,arjun101@gmail.com,1,1,2,2,1,1,2,Very bad service and rude staff,"Volunteering, Donating",Yes,3,Other,Event,"02/14/2026, 4:15:11 PM",,,,,,,,
Riya Sharma,9487402781,Pune,riya80@gmail.com,4,4,4,4,4,4,4,Perfect ambience and service,"Donating, Volunteering, Adopting",No,2,Other,Event,"02/14/2026, 8:06:40 PM",,,,,,,,
Ishita Gupta,9869521851,Kochi,ishita886@gmail.com,1,2,2,1,1,2,2,Cleanliness was unacceptable,"Donating, Volunteering, Fostering",Yes,2,Other,nan,"02/15/2026, 2:25:47 AM",,,,,,,,
Dev Shah,9560411639,Kolkata,dev501@gmail.com,4,2,3,2,4,4,3,"Decent place, nothing special",Volunteering,Yes,3,Google,,"02/15/2026, 1:17:12 PM",,,,,,,,
Sahil Khan,9858427414,Chennai,sahil974@gmail.com,2,2,1,2,2,1,2,Cleanliness was unacceptable,Fostering,Yes,2,Word of Mouth,,"02/16/2026, 3:40:25 AM",,,,,,,,
Aditya Roy,9458924907,Bangalore,aditya264@gmail.com,4,4,3,3,2,3,2,Food was fine,"Fostering, Donating, Volunteering",No,1,Word of Mouth,,"02/16/2026, 5:00:38 PM",,,,,,,,
Simran Kaur,9029354278,Nagpur,simran750@gmail.com,3,2,4,4,3,4,4,Average experience overall,Donating,Yes,1,Word of Mouth,,"02/17/2026, 12:12:45 PM",,,,,,,,
Sneha Joshi,9244057204,Indore,sneha830@gmail.com,2,1,1,2,1,1,2,"Not satisfied, won't visit again","Fostering, Volunteering, Adopting, Donating",No,2,Other,nan,"02/18/2026, 6:34:54 PM",,,,,,,,
Ananya Iyer,9570192284,Mumbai,ananya933@gmail.com,1,1,1,2,2,1,1,Terrible experience overall,"Volunteering, Fostering, Donating",Yes,4,Other,nan,"02/18/2026, 7:08:05 PM",,,,,,,,
Neha Verma,9147516524,Nagpur,neha649@gmail.com,2,1,2,2,2,1,1,Cleanliness was unacceptable,"Donating, Adopting, Fostering",No,2,Other,Walk-in,"02/19/2026, 12:08:11 AM",,,,,,,,
Pooja Reddy,9653700584,Nagpur,pooja426@gmail.com,3,4,4,4,4,2,2,"Decent place, nothing special","Fostering, Donating",Yes,2,Google,,"02/19/2026, 12:51:33 AM",,,,,,,,
Dev Shah,9577087079,Pune,dev254@gmail.com,4,4,4,5,5,4,5,"Absolutely loved it, will come again","Adopting, Volunteering",No,2,Other,Event,"02/19/2026, 2:03:12 AM",,,,,,,,
Vikram Desai,9881026119,Ahmedabad,vikram614@gmail.com,5,5,4,4,5,4,4,"Absolutely loved it, will come again","Fostering, Adopting, Donating, Volunteering",No,4,Other,Walk-in,"02/19/2026, 7:57:30 AM",,,,,,,,
Sahil Khan,9761131640,Delhi,sahil883@gmail.com,1,2,2,2,2,1,2,Food quality was poor,Volunteering,No,5,Other,nan,"02/19/2026, 1:13:03 PM",,,,,,,,
Sahil Khan,9511522615,Ahmedabad,sahil875@gmail.com,1,1,1,2,1,2,2,"Not satisfied, won't visit again","Fostering, Adopting, Donating",No,4,Instagram,,"02/20/2026, 3:39:28 AM",,,,,,,,
Pooja Reddy,9087735560,Kolkata,pooja356@gmail.com,4,5,4,4,5,4,5,Perfect ambience and service,"Donating, Fostering",No,1,Instagram,,"02/21/2026, 1:35:09 AM",,,,,,,,
Ishita Gupta,9658300205,Indore,ishita699@gmail.com,5,4,5,5,5,4,5,Fantastic food and great staff,"Fostering, Volunteering, Donating",No,1,Other,Event,"02/21/2026, 10:24:40 AM",,,,,,,,
Simran Kaur,9387537530,Ahmedabad,simran866@gmail.com,1,2,1,1,1,2,1,Food quality was poor,"Fostering, Volunteering",Yes,4,Other,Event,"02/21/2026, 9:33:25 PM",,,,,,,,
Arjun Kapoor,9676930165,Kochi,arjun238@gmail.com,1,1,1,2,2,2,1,"Not satisfied, won't visit again",Adopting,Yes,5,Other,Ads,"02/22/2026, 9:37:16 AM",,,,,,,,
Simran Kaur,9372493317,Nagpur,simran38@gmail.com,4,3,3,2,3,3,3,Good but can improve,Volunteering,No,2,Other,nan,"02/22/2026, 8:11:32 PM",,,,,,,,
Vikram Desai,9701713938,Nagpur,vikram624@gmail.com,2,2,2,1,1,1,2,"Not satisfied, won't visit again","Adopting, Donating, Fostering",No,3,Word of Mouth,,"02/23/2026, 9:33:59 AM",,,,,,,,
Tanvi Kulkarni,9553096521,Hyderabad,tanvi919@gmail.com,4,5,4,4,4,4,4,Fantastic food and great staff,"Fostering, Donating, Volunteering",No,4,Word of Mouth,,"02/23/2026, 7:50:46 PM",,,,,,,,
Vikram Desai,9090786558,Delhi,vikram29@gmail.com,4,4,5,5,5,5,4,"Absolutely loved it, will come again",Volunteering,No,5,Other,Ads,"02/24/2026, 1:10:53 AM",,,,,,,,
Ananya Iyer,9489407937,Chandigarh,ananya856@gmail.com,2,2,2,1,2,1,2,Cleanliness was unacceptable,"Fostering, Adopting",Yes,2,Other,Event,"02/24/2026, 2:45:08 AM",,,,,,,,
Karan Patel,9709473073,Indore,karan726@gmail.com,2,1,2,2,1,1,1,"Not satisfied, won't visit again","Volunteering, Adopting",No,2,Google,,"02/24/2026, 11:35:05 AM",,,,,,,,
Sneha Joshi,9001085731,Chandigarh,sneha353@gmail.com,5,4,4,5,5,5,4,Perfect ambience and service,Fostering,Yes,2,Google,,"02/24/2026, 4:26:42 PM",,,,,,,,
Rahul Singh,9787076856,Chandigarh,rahul560@gmail.com,5,5,4,5,4,5,4,"Amazing experience, loved everything",Donating,Yes,5,Other,Ads,"02/25/2026, 12:49:17 AM",,,,,,,,
Riya Sharma,9688794894,Noida,riya191@gmail.com,4,4,4,4,4,4,5,Top quality in every aspect,"Fostering, Adopting, Donating, Volunteering",Yes,4,Other,Event,"02/25/2026, 10:29:20 AM",,,,,,,,
Aarav Mehta,9034063263,Indore,aarav995@gmail.com,5,4,5,4,4,5,5,Perfect ambience and service,Fostering,Yes,1,Other,Ads,"02/26/2026, 11:48:13 AM",,,,,,,,
Pooja Reddy,9646820107,Chandigarh,pooja360@gmail.com,4,5,5,4,4,4,4,"Absolutely loved it, will come again",Donating,No,3,Other,nan,"02/26/2026, 3:02:34 PM",,,,,,,,
Aditya Roy,9927930535,Kochi,aditya914@gmail.com,3,2,3,4,4,2,3,Service was okay,"Adopting, Fostering, Volunteering, Donating",No,5,Instagram,,"02/27/2026, 3:51:57 AM",,,,,,,,
Ishita Gupta,9546069854,Delhi,ishita780@gmail.com,4,5,5,4,5,4,5,Fantastic food and great staff,Donating,Yes,5,Word of Mouth,,"02/27/2026, 7:16:58 AM",,,,,,,,
Meera Pillai,9398086889,Mumbai,meera558@gmail.com,4,4,4,4,4,4,4,Fantastic food and great staff,"Adopting, Donating",No,5,Google,,"02/27/2026, 10:36:59 AM",,,,,,,,
Sahil Khan,9838877081,Delhi,sahil908@gmail.com,4,3,3,3,2,4,4,Average experience overall,"Fostering, Adopting, Volunteering",No,2,Google,,"02/27/2026, 6:45:57 PM",,,,,,,,
Ananya Iyer,9762802085,Indore,ananya189@gmail.com,4,3,2,3,2,4,3,Good but can improve,"Adopting, Volunteering, Donating, Fostering",Yes,1,Other,Event,"02/28/2026, 2:20:20 AM",,,,,,,,
Pooja Reddy,9528658998,Nagpur,pooja942@gmail.com,1,1,2,2,1,2,1,Cleanliness was unacceptable,Volunteering,Yes,4,Other,Ads,"02/28/2026, 11:16:26 AM",,,,,,,,
Pooja Reddy,9197715041,Bangalore,pooja659@gmail.com,2,2,4,4,3,2,3,Good but can improve,Fostering,No,2,Other,Event,"02/28/2026, 3:41:48 PM",,,,,,,,
Priya Nair,9571093380,Indore,priya306@gmail.com,4,3,4,2,4,2,4,Good but can improve,"Adopting, Volunteering, Donating, Fostering",No,4,Other,nan,"02/28/2026, 8:30:21 PM",,,,,,,,
Arjun Kapoor,9324081389,Chennai,arjun114@gmail.com,4,5,4,4,5,5,4,Top quality in every aspect,"Fostering, Adopting, Volunteering",No,5,Instagram,,"02/28/2026, 10:00:00 PM",,,,,,,,
Ananya Iyer,9411874510,Indore,ananya867@gmail.com,4,2,3,2,4,3,4,Average experience overall,"Volunteering, Donating",No,3,Other,Walk-in,"03/01/2026, 6:41:13 AM",,,,,,,,
Ananya Iyer,9001960723,Ahmedabad,ananya366@gmail.com,4,4,4,4,4,4,4,Fantastic food and great staff,Fostering,Yes,3,Other,Event,"03/01/2026, 12:13:10 PM",,,,,,,,
Neha Verma,9073972837,Delhi,neha855@gmail.com,4,4,4,5,5,4,5,Top quality in every aspect,"Donating, Adopting, Volunteering, Fostering",No,3,Instagram,,"03/01/2026, 1:00:55 PM",,,,,,,,
Dev Shah,9835219706,Surat,dev700@gmail.com,4,5,5,5,4,5,4,"Amazing experience, loved everything",Donating,Yes,4,Other,Walk-in,"03/01/2026, 4:59:53 PM",,,,,,,,
Riya Sharma,9588407526,Surat,riya77@gmail.com,2,2,2,1,2,2,2,Food quality was poor,"Fostering, Donating, Adopting",No,2,Other,nan,"03/02/2026, 12:07:30 PM",,,,,,,,
Ananya Iyer,9627875041,Kochi,ananya511@gmail.com,2,1,1,2,2,2,1,Terrible experience overall,"Fostering, Volunteering, Donating, Adopting",Yes,4,Word of Mouth,,"03/02/2026, 11:07:37 PM",,,,,,,,
Priya Nair,9106404480,Mumbai,priya612@gmail.com,5,4,4,5,5,4,4,"Amazing experience, loved everything","Volunteering, Donating",No,4,Instagram,,"03/03/2026, 10:53:57 AM",,,,,,,,
Manav Bansal,9904394260,Kochi,manav552@gmail.com,4,4,4,2,2,4,2,Average experience overall,"Donating, Fostering, Adopting, Volunteering",No,1,Other,Walk-in,"03/03/2026, 8:18:28 PM",,,,,,,,
Arjun Kapoor,9652821579,Chennai,arjun898@gmail.com,2,3,4,2,4,4,4,Good but can improve,"Adopting, Donating, Volunteering, Fostering",Yes,1,Other,Walk-in,"03/04/2026, 2:06:56 AM",,,,,,,,
Rohit Jain,9635790166,Chennai,rohit753@gmail.com,2,4,2,4,2,2,2,Food was fine,"Fostering, Donating, Adopting, Volunteering",Yes,1,Other,Event,"03/04/2026, 3:46:55 AM",,,,,,,,
Vikram Desai,9577846006,Jaipur,vikram774@gmail.com,3,3,3,4,2,4,3,Average experience overall,Fostering,Yes,3,Other,Ads,"03/05/2026, 4:15:35 AM",,,,,,,,
Manav Bansal,9957466718,Chennai,manav861@gmail.com,2,4,3,2,3,3,3,"Decent place, nothing special","Adopting, Volunteering, Donating",No,2,Other,Ads,"03/05/2026, 7:03:56 AM",,,,,,,,
Sneha Joshi,9614677281,Hyderabad,sneha480@gmail.com,1,1,2,1,2,2,2,"Not satisfied, won't visit again",Donating,Yes,3,Word of Mouth,,"03/06/2026, 12:37:41 AM",,,,,,,,
Sneha Joshi,9589075838,Bangalore,sneha483@gmail.com,4,4,4,5,5,5,4,Perfect ambience and service,"Fostering, Donating, Adopting",Yes,5,Word of Mouth,,"03/06/2026, 2:12:42 AM",,,,,,,,
Arjun Kapoor,9814764899,Indore,arjun353@gmail.com,4,4,3,3,2,4,3,"Decent place, nothing special","Volunteering, Adopting, Donating, Fostering",No,4,Instagram,,"03/06/2026, 7:32:55 AM",,,,,,,,
Ananya Iyer,9038962016,Bangalore,ananya718@gmail.com,2,2,2,1,1,1,2,Food quality was poor,"Donating, Adopting",Yes,4,Word of Mouth,,"03/07/2026, 12:02:24 AM",,,,,,,,
Sahil Khan,9924299856,Hyderabad,sahil702@gmail.com,1,2,1,1,1,2,1,Terrible experience overall,"Adopting, Fostering, Donating",Yes,3,Word of Mouth,,"03/07/2026, 6:43:27 AM",,,,,,,,
Simran Kaur,9704240882,Ahmedabad,simran924@gmail.com,4,4,4,4,4,4,4,Perfect ambience and service,"Donating, Adopting, Volunteering",No,5,Instagram,,"03/07/2026, 1:42:36 PM",,,,,,,,
Riya Sharma,9479334390,Noida,riya291@gmail.com,4,5,5,5,4,4,4,Perfect ambience and service,"Adopting, Volunteering, Donating, Fostering",No,4,Word of Mouth,,"03/08/2026, 3:47:46 AM",,,,,,,,
Ananya Iyer,9262368871,Ahmedabad,ananya48@gmail.com,2,2,2,1,2,1,1,Terrible experience overall,"Donating, Adopting, Fostering, Volunteering",No,3,Google,,"03/09/2026, 11:48:21 AM",,,,,,,,
Karan Patel,9587624025,Jaipur,karan571@gmail.com,4,4,2,2,3,3,4,"Decent place, nothing special","Donating, Adopting, Volunteering",Yes,2,Instagram,,"03/09/2026, 9:38:44 PM",,,,,,,,
Meera Pillai,9308385427,Jaipur,meera373@gmail.com,1,1,1,2,1,1,1,Very bad service and rude staff,"Volunteering, Donating, Fostering",Yes,4,Word of Mouth,,"03/10/2026, 12:09:54 PM",,,,,,,,
Aditya Roy,9389292650,Nagpur,aditya444@gmail.com,2,4,2,4,2,4,4,"Decent place, nothing special","Adopting, Volunteering, Fostering",Yes,2,Word of Mouth,,"03/10/2026, 4:57:21 PM",,,,,,,,
Tanvi Kulkarni,9332709718,Indore,tanvi211@gmail.com,5,5,4,5,5,4,5,Perfect ambience and service,"Volunteering, Adopting, Fostering, Donating",Yes,3,Other,Event,"03/11/2026, 1:00:52 AM",,,,,,,,
Rahul Singh,9419958732,Bangalore,rahul127@gmail.com,1,1,1,1,2,1,2,Cleanliness was unacceptable,"Donating, Adopting",No,2,Other,Event,"03/11/2026, 2:19:49 AM",,,,,,,,
Aarav Mehta,9134300734,Kochi,aarav119@gmail.com,2,2,2,3,2,4,2,Service was okay,Adopting,Yes,1,Other,Ads,"03/11/2026, 11:11:38 AM",,,,,,,,
Riya Sharma,9092755418,Chennai,riya369@gmail.com,2,2,2,1,2,1,2,"Not satisfied, won't visit again","Fostering, Volunteering",Yes,2,Word of Mouth,,"03/11/2026, 3:44:44 PM",,,,,,,,
Tanvi Kulkarni,9958323835,Chennai,tanvi688@gmail.com,4,5,4,4,4,4,4,Perfect ambience and service,"Volunteering, Donating",No,5,Word of Mouth,,"03/11/2026, 10:25:32 PM",,,,,,,,
Simran Kaur,9662235640,Noida,simran887@gmail.com,4,4,2,3,3,4,3,Average experience overall,"Volunteering, Donating",Yes,3,Word of Mouth,,"03/13/2026, 5:52:06 AM",,,,,,,,
Manav Bansal,9369785724,Chennai,manav725@gmail.com,1,1,1,1,2,1,1,Terrible experience overall,Donating,Yes,3,Instagram,,"03/13/2026, 6:22:04 AM",,,,,,,,
Meera Pillai,9683446642,Chandigarh,meera32@gmail.com,3,3,3,2,2,4,2,"Decent place, nothing special","Donating, Volunteering, Adopting, Fostering",Yes,3,Other,Ads,"03/13/2026, 6:34:45 PM",,,,,,,,
Rohit Jain,9368540415,Chennai,rohit445@gmail.com,4,4,5,4,5,5,5,"Amazing experience, loved everything","Donating, Volunteering, Adopting, Fostering",No,5,Google,,"03/14/2026, 1:32:00 AM",,,,,,,,
Priya Nair,9634061243,Noida,priya977@gmail.com,5,5,4,5,5,5,4,"Amazing experience, loved everything",Volunteering,Yes,5,Other,nan,"03/14/2026, 6:03:12 PM",,,,,,,,
Rohit Jain,9305122761,Chennai,rohit80@gmail.com,1,2,2,2,1,1,2,Very bad service and rude staff,"Fostering, Volunteering",Yes,3,Instagram,,"03/15/2026, 8:28:49 AM",,,,,,,,
Karan Patel,9002745617,Kolkata,karan990@gmail.com,3,3,2,3,2,2,4,Service was okay,"Donating, Volunteering, Adopting",Yes,4,Word of Mouth,,"03/15/2026, 12:41:39 PM",,,,,,,,
Priya Nair,9766146861,Bangalore,priya841@gmail.com,2,1,1,2,1,2,1,Terrible experience overall,"Fostering, Adopting, Donating, Volunteering",Yes,5,Other,nan,"03/15/2026, 5:22:24 PM",,,,,,,,
Rahul Singh,9921450258,Surat,rahul501@gmail.com,2,2,3,3,2,4,2,"Decent place, nothing special","Adopting, Donating",Yes,2,Other,Ads,"03/15/2026, 10:33:30 PM",,,,,,,,
Ishita Gupta,9399562281,Noida,ishita908@gmail.com,4,3,2,2,2,3,4,"Decent place, nothing special","Volunteering, Fostering, Donating",No,4,Other,Ads,"03/16/2026, 11:08:20 PM",,,,,,,,
Sneha Joshi,9002408532,Hyderabad,sneha842@gmail.com,5,5,4,5,4,5,5,Top quality in every aspect,"Adopting, Volunteering, Fostering, Donating",No,3,Word of Mouth,,"03/17/2026, 5:54:36 AM",,,,,,,,
Meera Pillai,9107946819,Pune,meera352@gmail.com,3,3,4,2,4,3,4,Good but can improve,Volunteering,Yes,1,Other,Event,"03/18/2026, 11:12:25 AM",,,,,,,,
Priya Nair,9894658679,Pune,priya623@gmail.com,4,5,4,4,4,5,5,"Absolutely loved it, will come again","Fostering, Adopting",Yes,5,Other,nan,"03/20/2026, 1:43:55 AM",,,,,,,,
Priya Nair,9580882829,Indore,priya251@gmail.com,4,3,4,3,2,2,2,Food was fine,"Adopting, Donating",No,5,Other,Ads,"03/20/2026, 4:18:09 AM",,,,,,,,
Aditya Roy,9848451995,Bangalore,aditya186@gmail.com,5,4,5,5,5,5,5,"Absolutely loved it, will come again","Donating, Volunteering, Adopting",No,5,Other,Event,"03/20/2026, 7:10:48 AM",,,,,,,,
Tanvi Kulkarni,9426285816,Delhi,tanvi148@gmail.com,2,1,2,1,2,2,2,Food quality was poor,Adopting,Yes,5,Google,,"03/20/2026, 7:49:18 PM",,,,,,,,
Priya Nair,9460115695,Chandigarh,priya211@gmail.com,2,1,1,2,2,1,2,Cleanliness was unacceptable,Fostering,Yes,1,Google,,"03/21/2026, 12:44:18 PM",,,,,,,,
Arjun Kapoor,9237392029,Delhi,arjun453@gmail.com,5,4,4,4,4,5,4,Fantastic food and great staff,"Donating, Volunteering, Fostering, Adopting",No,5,Google,,"03/21/2026, 4:18:04 PM",,,,,,,,
Dev Shah,9553623200,Nagpur,dev393@gmail.com,5,5,5,4,5,5,4,"Absolutely loved it, will come again",Fostering,Yes,4,Other,nan,"03/21/2026, 7:34:47 PM",,,,,,,,
Sahil Khan,9669033136,Delhi,sahil514@gmail.com,1,1,2,1,1,1,2,Very bad service and rude staff,Fostering,No,5,Other,Walk-in,"03/21/2026, 8:06:35 PM",,,,,,,,
Aarav Mehta,9054621423,Surat,aarav664@gmail.com,4,4,4,5,4,5,5,Perfect ambience and service,Volunteering,No,1,Other,Ads,"03/21/2026, 8:37:23 PM",,,,,,,,
Aarav Mehta,9768612590,Delhi,aarav6@gmail.com,5,4,4,4,5,4,5,Top quality in every aspect,Volunteering,No,3,Other,Event,"03/22/2026, 5:19:26 AM",,,,,,,,
Karan Patel,9425047366,Chandigarh,karan81@gmail.com,4,4,5,4,4,5,4,"Amazing experience, loved everything","Fostering, Adopting, Volunteering, Donating",Yes,3,Google,,"03/23/2026, 6:02:38 PM",,,,,,,,
Simran Kaur,9591070206,Bangalore,simran739@gmail.com,5,4,4,5,4,4,5,Top quality in every aspect,"Adopting, Fostering, Volunteering",Yes,2,Other,nan,"03/24/2026, 1:04:54 AM",,,,,,,,
Arjun Kapoor,9790455305,Chandigarh,arjun991@gmail.com,4,5,5,4,4,5,5,"Amazing experience, loved everything","Fostering, Volunteering",Yes,5,Google,,"03/24/2026, 1:23:09 PM",,,,,,,,
Karan Patel,9232119931,Noida,karan44@gmail.com,1,1,1,1,1,2,2,Very bad service and rude staff,Adopting,Yes,1,Other,nan,"03/24/2026, 2:09:47 PM",,,,,,,,
Ananya Iyer,9902707657,Surat,ananya340@gmail.com,5,4,4,5,4,5,4,"Amazing experience, loved everything",Adopting,Yes,4,Other,Walk-in,"03/24/2026, 3:04:22 PM",,,,,,,,
Simran Kaur,9269308514,Pune,simran341@gmail.com,5,4,5,5,5,4,5,Top quality in every aspect,Volunteering,Yes,5,Instagram,,"03/24/2026, 4:01:36 PM",,,,,,,,
Aditya Roy,9643708977,Kochi,aditya559@gmail.com,3,3,3,2,4,2,4,Average experience overall,"Fostering, Volunteering, Donating",Yes,5,Google,,"03/24/2026, 5:55:25 PM",,,,,,,,
Simran Kaur,9850229589,Indore,simran359@gmail.com,5,4,5,5,5,5,4,Top quality in every aspect,"Donating, Volunteering, Fostering",Yes,2,Instagram,,"03/25/2026, 2:29:32 AM",,,,,,,,
Karan Patel,9439987119,Jaipur,karan313@gmail.com,4,4,5,4,4,4,5,Fantastic food and great staff,"Donating, Volunteering, Fostering",Yes,3,Google,,"03/25/2026, 4:45:41 AM",,,,,,,,
Manav Bansal,9249295801,Hyderabad,manav302@gmail.com,5,4,5,4,4,4,5,"Absolutely loved it, will come again","Fostering, Volunteering",Yes,3,Other,Walk-in,"03/25/2026, 4:39:28 PM",,,,,,,,
Sneha Joshi,9452999240,Kochi,sneha508@gmail.com,3,2,3,3,2,2,4,"Decent place, nothing special",Donating,Yes,2,Other,nan,"03/26/2026, 1:25:48 AM",,,,,,,,
Simran Kaur,9584581435,Noida,simran875@gmail.com,1,1,2,1,1,2,2,Terrible experience overall,Fostering,Yes,1,Google,,"03/26/2026, 4:27:56 AM",,,,,,,,
Ishita Gupta,9212755677,Bangalore,ishita1@gmail.com,5,4,4,5,4,4,5,Fantastic food and great staff,Volunteering,No,2,Other,Ads,"03/26/2026, 7:14:56 AM",,,,,,,,
Tanvi Kulkarni,9586784040,Bangalore,tanvi89@gmail.com,5,4,4,4,5,5,4,"Amazing experience, loved everything","Adopting, Volunteering, Fostering, Donating",Yes,2,Other,Walk-in,"03/26/2026, 4:09:57 PM",,,,,,,,
Sneha Joshi,9773596636,Chandigarh,sneha304@gmail.com,4,5,4,4,4,5,5,Top quality in every aspect,"Adopting, Fostering",No,2,Other,Ads,"03/27/2026, 4:53:39 AM",,,,,,,,
Dev Shah,9300313808,Noida,dev669@gmail.com,3,2,3,2,3,4,2,Good but can improve,Volunteering,No,5,Other,nan,"03/28/2026, 4:41:42 AM",,,,,,,,
Meera Pillai,9487443648,Nagpur,meera680@gmail.com,1,1,1,1,2,1,1,"Not satisfied, won't visit again","Donating, Volunteering",No,5,Instagram,,"03/28/2026, 7:47:43 AM",,,,,,,,
Ananya Iyer,9775965451,Mumbai,ananya875@gmail.com,4,3,3,2,4,2,2,Average experience overall,"Adopting, Donating, Volunteering, Fostering",No,1,Google,,"03/28/2026, 12:51:25 PM",,,,,,,,
Ishita Gupta,9303249112,Hyderabad,ishita132@gmail.com,3,3,4,3,2,4,4,"Decent place, nothing special","Adopting, Fostering",No,5,Other,Walk-in,"03/28/2026, 2:13:21 PM",,,,,,,,
Simran Kaur,9238618740,Noida,simran264@gmail.com,1,2,1,1,2,1,1,"Not satisfied, won't visit again","Adopting, Donating",Yes,4,Word of Mouth,,"03/28/2026, 10:20:05 PM",,,,,,,,
Arjun Kapoor,9698131734,Ahmedabad,arjun815@gmail.com,4,4,4,5,4,4,5,Top quality in every aspect,"Fostering, Volunteering, Adopting",Yes,4,Google,,"03/29/2026, 7:16:08 AM",,,,,,,,
Rohit Jain,9236780039,Pune,rohit672@gmail.com,4,4,5,5,4,4,5,"Absolutely loved it, will come again","Volunteering, Fostering",No,5,Other,nan,"03/30/2026, 8:57:50 AM",,,,,,,,
Meera Pillai,9514974680,Indore,meera263@gmail.com,5,4,4,4,4,4,5,"Amazing experience, loved everything","Donating, Volunteering, Adopting",Yes,2,Instagram,,"03/30/2026, 2:13:25 PM",,,,,,,,
Ananya Iyer,9101786542,Bangalore,ananya373@gmail.com,5,4,5,4,5,4,5,Top quality in every aspect,"Donating, Volunteering, Fostering, Adopting",Yes,4,Other,Event,"03/30/2026, 4:42:24 PM",,,,,,,,
Pooja Reddy,9324003461,Jaipur,pooja29@gmail.com,4,3,2,2,4,2,4,Good but can improve,Fostering,No,1,Word of Mouth,,"03/30/2026, 6:10:35 PM",,,,,,,,
Riya Sharma,9792607954,Chandigarh,riya318@gmail.com,2,2,2,2,1,2,2,Terrible experience overall,"Donating, Volunteering, Fostering",Yes,1,Other,Walk-in,"03/31/2026, 4:50:09 AM",,,,,,,,
Meera Pillai,9758010157,Surat,meera721@gmail.com,5,5,4,4,5,5,5,Perfect ambience and service,Adopting,Yes,1,Other,Walk-in,"03/31/2026, 6:55:37 PM",,,,,,,,
Sneha Joshi,9181472993,Mumbai,sneha270@gmail.com,5,5,5,4,4,4,5,Top quality in every aspect,"Volunteering, Fostering",No,4,Google,,"04/01/2026, 4:23:26 AM",,,,,,,,
Priya Nair,9286291958,Jaipur,priya96@gmail.com,3,3,4,3,3,2,4,Good but can improve,Fostering,No,2,Other,Walk-in,"04/02/2026, 6:58:54 AM",,,,,,,,
Priya Nair,9158613953,Hyderabad,priya270@gmail.com,1,1,1,2,1,2,2,Terrible experience overall,"Adopting, Fostering, Donating",Yes,5,Google,,"04/02/2026, 9:19:14 AM",,,,,,,,
Sahil Khan,9067096857,Bangalore,sahil858@gmail.com,5,5,4,5,5,5,4,Perfect ambience and service,"Donating, Volunteering, Adopting",Yes,2,Other,Ads,"04/02/2026, 1:35:03 PM",,,,,,,,
Ananya Iyer,9171111133,Surat,ananya711@gmail.com,3,4,3,2,4,4,3,Food was fine,Donating,Yes,3,Other,Event,"04/02/2026, 2:23:59 PM",,,,,,,,
Meera Pillai,9794522237,Mumbai,meera376@gmail.com,1,1,1,2,1,1,1,Terrible experience overall,"Adopting, Fostering, Donating, Volunteering",Yes,2,Other,Event,"04/02/2026, 9:47:33 PM",,,,,,,,
Sneha Joshi,9681227355,Mumbai,sneha852@gmail.com,4,4,4,4,4,5,5,Perfect ambience and service,"Volunteering, Fostering, Adopting, Donating",No,3,Other,Walk-in,"04/03/2026, 11:46:40 AM",,,,,,,,
Meera Pillai,9483123442,Jaipur,meera828@gmail.com,3,4,3,2,2,2,4,Good but can improve,"Donating, Volunteering, Fostering",No,2,Other,Event,"04/04/2026, 4:53:10 AM",,,,,,,,
Manav Bansal,9406153328,Bangalore,manav162@gmail.com,1,2,2,2,1,1,1,"Not satisfied, won't visit again","Volunteering, Adopting, Donating",No,4,Other,nan,"04/04/2026, 5:07:07 AM",,,,,,,,
Ananya Iyer,9112192679,Nagpur,ananya544@gmail.com,2,2,2,2,4,2,3,Service was okay,"Fostering, Donating",No,1,Instagram,,"04/06/2026, 12:43:18 AM",,,,,,,,
Vikram Desai,9909273384,Pune,vikram435@gmail.com,3,4,4,2,2,3,4,Service was okay,"Volunteering, Donating, Fostering, Adopting",Yes,5,Other,Ads,"04/06/2026, 8:24:17 PM",,,,,,,,
Ishita Gupta,9581357432,Nagpur,ishita596@gmail.com,4,3,4,4,2,3,4,Good but can improve,"Volunteering, Adopting",No,4,Other,nan,"04/07/2026, 12:02:20 AM",,,,,,,,
Vikram Desai,9989169220,Noida,vikram985@gmail.com,4,4,5,4,5,4,5,"Absolutely loved it, will come again","Fostering, Adopting",Yes,2,Other,nan,"04/09/2026, 12:38:31 AM",,,,,,,,
Ananya Iyer,9580113054,Kolkata,ananya456@gmail.com,2,2,1,1,2,2,1,Terrible experience overall,Adopting,No,1,Other,Walk-in,"04/09/2026, 1:24:27 AM",,,,,,,,
Priya Nair,9549633954,Jaipur,priya171@gmail.com,2,2,1,2,2,2,1,Terrible experience overall,"Adopting, Donating, Volunteering",No,1,Other,Event,"04/09/2026, 7:42:20 AM",,,,,,,,
Dev Shah,9818750151,Ahmedabad,dev874@gmail.com,4,4,5,4,4,5,4,"Amazing experience, loved everything",Adopting,No,2,Other,Ads,"04/10/2026, 1:13:39 AM",,,,,,,,
Sahil Khan,9771124681,Bangalore,sahil25@gmail.com,4,5,5,4,4,5,4,Fantastic food and great staff,"Volunteering, Fostering, Adopting, Donating",Yes,1,Word of Mouth,,"04/10/2026, 2:31:37 AM",,,,,,,,
Priya Nair,9395556066,Ahmedabad,priya187@gmail.com,5,5,4,4,4,4,5,"Amazing experience, loved everything","Adopting, Fostering, Donating, Volunteering",No,1,Other,Walk-in,"04/11/2026, 5:33:51 PM",,,,,,,,
Neha Verma,9388530331,Bangalore,neha617@gmail.com,5,4,5,5,5,4,5,Perfect ambience and service,"Volunteering, Donating, Adopting, Fostering",Yes,4,Word of Mouth,,"04/12/2026, 4:31:00 PM",,,,,,,,
Dev Shah,9278069804,Surat,dev277@gmail.com,3,3,2,3,4,4,2,Good but can improve,Volunteering,Yes,3,Google,,"04/13/2026, 7:27:08 AM",,,,,,,,
Vikram Desai,9314403006,Mumbai,vikram811@gmail.com,3,2,3,2,2,4,4,"Decent place, nothing special","Adopting, Donating, Fostering",Yes,2,Other,Event,"04/13/2026, 8:45:44 AM",,,,,,,,
Tanvi Kulkarni,9631215888,Indore,tanvi775@gmail.com,1,1,2,2,2,1,1,"Not satisfied, won't visit again","Adopting, Volunteering, Fostering",Yes,2,Word of Mouth,,"04/13/2026, 9:20:57 AM",,,,,,,,
Pooja Reddy,9929157549,Bangalore,pooja354@gmail.com,2,2,2,2,4,2,2,Food was fine,"Fostering, Donating",No,5,Other,nan,"04/13/2026, 9:41:41 AM",,,,,,,,
Sahil Khan,9002481373,Chennai,sahil888@gmail.com,2,2,2,2,2,2,2,"Decent place, nothing special",Donating,Yes,4,Word of Mouth,,"04/13/2026, 7:16:14 PM",,,,,,,,
Neha Verma,9946230991,Kolkata,neha637@gmail.com,1,2,2,2,1,1,1,Cleanliness was unacceptable,"Donating, Volunteering",Yes,3,Google,,"04/13/2026, 11:49:25 PM",,,,,,,,
Manav Bansal,9960918480,Ahmedabad,manav742@gmail.com,2,2,2,1,2,1,1,"Not satisfied, won't visit again","Donating, Adopting, Volunteering, Fostering",No,1,Other,Walk-in,"04/14/2026, 1:31:50 AM",,,,,,,,
Ananya Iyer,9384617878,Noida,ananya416@gmail.com,2,1,1,1,1,2,1,Cleanliness was unacceptable,"Volunteering, Adopting, Donating",Yes,1,Google,,"04/14/2026, 2:27:05 AM",,,,,,,,
Pooja Reddy,9331600576,Pune,pooja380@gmail.com,5,4,5,5,5,4,4,"Amazing experience, loved everything","Donating, Adopting, Volunteering, Fostering",No,4,Other,Walk-in,"04/15/2026, 5:21:12 PM",,,,,,,,
Sneha Joshi,9836749046,Chandigarh,sneha191@gmail.com,3,3,3,2,4,2,2,Service was okay,Adopting,No,4,Other,Ads,"04/16/2026, 6:25:43 AM",,,,,,,,
Neha Verma,9669486248,Hyderabad,neha496@gmail.com,4,3,3,3,2,4,4,"Decent place, nothing special","Adopting, Fostering, Donating, Volunteering",Yes,3,Other,nan,"04/16/2026, 3:12:51 PM",,,,,,,,
Sneha Joshi,9540749291,Bangalore,sneha114@gmail.com,4,2,3,2,4,4,4,Service was okay,"Donating, Adopting",Yes,2,Other,Ads,"04/16/2026, 10:40:38 PM",,,,,,,,
Aditya Roy,9167431583,Kolkata,aditya702@gmail.com,2,2,2,4,2,4,2,Good but can improve,"Fostering, Adopting, Volunteering, Donating",Yes,2,Word of Mouth,,"04/17/2026, 1:55:46 AM",,,,,,,,
Rohit Jain,9413726996,Surat,rohit167@gmail.com,2,3,4,2,4,4,4,Service was okay,"Donating, Adopting, Fostering, Volunteering",Yes,3,Google,,"04/17/2026, 3:47:48 AM",,,,,,,,
Neha Verma,9429007864,Indore,neha686@gmail.com,2,1,1,1,2,1,2,Terrible experience overall,Fostering,No,5,Google,,"04/17/2026, 7:44:26 PM",,,,,,,,
Vikram Desai,9069455465,Pune,vikram439@gmail.com,2,1,1,1,2,1,2,Terrible experience overall,"Adopting, Donating",Yes,3,Word of Mouth,,"04/18/2026, 6:53:47 AM",,,,,,,,
Dev Shah,9607485537,Bangalore,dev491@gmail.com,4,4,5,5,4,5,5,Top quality in every aspect,"Adopting, Donating",No,4,Other,Ads,"04/18/2026, 8:40:52 AM",,,,,,,,
Ishita Gupta,9098815955,Surat,ishita404@gmail.com,1,1,1,1,2,2,1,Terrible experience overall,"Fostering, Adopting, Volunteering",No,5,Other,Ads,"04/18/2026, 10:31:59 AM",,,,,,,,
Riya Sharma,9148386612,Jaipur,riya75@gmail.com,5,4,5,4,4,5,4,"Absolutely loved it, will come again","Donating, Fostering, Adopting, Volunteering",Yes,5,Google,,"04/18/2026, 3:07:47 PM",,,,,,,,
Rohit Jain,9839725225,Indore,rohit136@gmail.com,1,2,2,2,1,1,2,"Not satisfied, won't visit again",Adopting,Yes,1,Other,Ads,"04/18/2026, 9:42:06 PM",,,,,,,,
Pooja Reddy,9764000595,Jaipur,pooja480@gmail.com,4,2,4,4,3,3,2,"Decent place, nothing special","Adopting, Donating, Volunteering",No,2,Other,Walk-in,"04/19/2026, 12:47:38 AM",,,,,,,,
Arjun Kapoor,9416517607,Nagpur,arjun815@gmail.com,4,3,4,2,4,2,3,"Decent place, nothing special","Volunteering, Donating, Adopting",Yes,2,Other,Walk-in,"04/19/2026, 1:45:53 PM",,,,,,,,
Karan Patel,9980993188,Chandigarh,karan798@gmail.com,1,2,2,2,2,1,2,Cleanliness was unacceptable,"Fostering, Volunteering, Adopting",Yes,4,Word of Mouth,,"04/19/2026, 10:06:14 PM",,,,,,,,
Priya Nair,9273962645,Kolkata,priya324@gmail.com,2,2,2,1,2,1,1,"Not satisfied, won't visit again",Donating,No,2,Instagram,,"04/21/2026, 3:25:01 AM",,,,,,,,
Tanvi Kulkarni,9663870345,Mumbai,tanvi688@gmail.com,4,4,4,5,4,5,5,"Amazing experience, loved everything","Volunteering, Adopting, Fostering, Donating",No,4,Word of Mouth,,"04/22/2026, 2:15:37 AM",,,,,,,,
Dev Shah,9281747169,Chennai,dev141@gmail.com,4,5,4,4,5,4,5,Perfect ambience and service,"Fostering, Volunteering",No,5,Google,,"04/23/2026, 8:03:11 AM",,,,,,,,
Priya Nair,9067789731,Bangalore,priya171@gmail.com,2,1,2,1,1,1,1,Cleanliness was unacceptable,Fostering,Yes,2,Other,Event,"04/23/2026, 10:30:11 AM",,,,,,,,
Pooja Reddy,9923234531,Nagpur,pooja969@gmail.com,4,4,4,4,4,4,5,Perfect ambience and service,"Adopting, Fostering, Donating, Volunteering",No,5,Instagram,,"04/24/2026, 12:53:21 AM",,,,,,,,
Ishita Gupta,9494341597,Bangalore,ishita489@gmail.com,1,2,2,2,1,1,2,Food quality was poor,Volunteering,No,5,Other,Walk-in,"04/24/2026, 3:05:24 AM",,,,,,,,
Aarav Mehta,9836685305,Indore,aarav793@gmail.com,5,4,4,4,5,5,5,Fantastic food and great staff,"Adopting, Volunteering, Donating",Yes,5,Google,,"04/24/2026, 3:08:49 AM",,,,,,,,
Riya Sharma,9717612585,Delhi,riya831@gmail.com,4,4,4,4,4,5,5,"Absolutely loved it, will come again","Volunteering, Donating, Adopting, Fostering",Yes,2,Word of Mouth,,"04/24/2026, 8:38:30 AM",,,,,,,,
Meera Pillai,9741676606,Delhi,meera315@gmail.com,4,4,5,4,5,4,5,"Absolutely loved it, will come again","Adopting, Volunteering",Yes,2,Word of Mouth,,"04/25/2026, 11:36:19 AM",,,,,,,,
Arjun Kapoor,9225185709,Hyderabad,arjun946@gmail.com,2,2,2,4,3,4,4,Good but can improve,"Fostering, Donating",Yes,1,Word of Mouth,,"04/25/2026, 5:08:35 PM",,,,,,,,
Sahil Khan,9708967963,Delhi,sahil605@gmail.com,1,1,1,2,1,1,1,Very bad service and rude staff,Donating,Yes,1,Instagram,,"04/25/2026, 7:04:23 PM",,,,,,,,
Aarav Mehta,9515448981,Delhi,aarav814@gmail.com,4,5,4,4,4,5,5,Perfect ambience and service,"Adopting, Fostering",No,4,Other,Ads,"04/26/2026, 12:28:33 PM",,,,,,,,
Sneha Joshi,9816547557,Noida,sneha335@gmail.com,2,1,1,2,2,1,2,Terrible experience overall,"Volunteering, Adopting",Yes,5,Other,Ads,"04/27/2026, 4:51:46 AM",,,,,,,,
Vikram Desai,9725833100,Hyderabad,vikram596@gmail.com,2,1,1,1,1,1,1,"Not satisfied, won't visit again","Donating, Volunteering, Adopting, Fostering",Yes,1,Other,Walk-in,"04/27/2026, 7:23:52 AM",,,,,,,,
Meera Pillai,9000851511,Kolkata,meera633@gmail.com,2,3,3,2,2,3,4,"Decent place, nothing special",Donating,No,2,Word of Mouth,,"04/28/2026, 12:08:02 PM",,,,,,,,
Aarav Mehta,9041430755,Mumbai,aarav874@gmail.com,3,3,3,3,3,3,2,"Decent place, nothing special","Adopting, Volunteering",No,3,Google,,"04/29/2026, 5:39:51 AM",,,,,,,,
Rahul Singh,9408769420,Hyderabad,rahul648@gmail.com,4,2,2,4,4,4,4,"Decent place, nothing special",Volunteering,Yes,5,Other,Walk-in,"04/29/2026, 8:30:54 AM",,,,,,,,
Ananya Iyer,9810163382,Noida,ananya296@gmail.com,1,1,1,1,1,2,2,"Not satisfied, won't visit again","Donating, Volunteering, Fostering",Yes,2,Other,nan,"04/29/2026, 2:53:51 PM",,,,,,,,
Ananya Iyer,9763451909,Jaipur,ananya853@gmail.com,5,4,5,5,4,4,5,"Absolutely loved it, will come again","Donating, Volunteering, Fostering, Adopting",Yes,5,Other,Ads,"04/29/2026, 7:33:02 PM",,,,,,,,
Ananya Iyer,9844870385,Ahmedabad,ananya694@gmail.com,2,2,1,2,1,2,2,"Not satisfied, won't visit again","Adopting, Volunteering",Yes,1,Other,Ads,"04/30/2026, 5:18:26 AM",,,,,,,,
Ananya Iyer,9640927227,Noida,ananya685@gmail.com,4,5,4,4,5,4,4,"Amazing experience, loved everything","Adopting, Donating, Fostering, Volunteering",Yes,2,Other,Event,"04/30/2026, 11:39:30 AM",,,,,,,,
Aarav Mehta,9874144584,Ahmedabad,aarav596@gmail.com,2,1,1,1,2,1,2,"Not satisfied, won't visit again","Donating, Volunteering",No,2,Google,,"04/30/2026, 12:58:40 PM",,,,,,,,
Dev Shah,9354118292,Noida,dev787@gmail.com,4,3,3,2,4,2,2,Average experience overall,"Volunteering, Adopting",No,3,Other,Event,"04/30/2026, 6:36:26 PM",,,,,,,,
Aarav Mehta,9293629272,Ahmedabad,aarav918@gmail.com,3,3,2,3,2,3,3,"Decent place, nothing special","Fostering, Volunteering, Adopting",No,5,Instagram,,"04/30/2026, 9:24:41 PM",,,,,,,,
Manav Bansal,9046234912,Noida,manav278@gmail.com,5,5,4,5,4,5,4,"Amazing experience, loved everything","Fostering, Donating, Adopting",No,4,Other,Event,"04/30/2026, 11:33:54 PM",,,,,,,,